DistrictName,DistrictType,Virtual,Hybrid,In_Person
A W Beattie Career Center,Specialized public school district,0,0,0
Abington Heights SD,Regular local school district,1,8,0
Abington SD,Regular local school district,2,7,0
Ad Prima CS,Charter agency,9,0,0
Adams County Technical Institute,Specialized public school district,0,0,0
Admiral Peary AVTS,Specialized public school district,0,0,0
Albert Gallatin Area SD,Regular local school district,2,7,0
Aliquippa SD,Regular local school district,6,2,1
Allegheny Valley SD,Regular local school district,0,9,0
Allegheny-Clarion Valley SD,Regular local school district,2,7,0
Allentown City SD,Regular local school district,7,2,0
Alliance for Progress CS,Charter agency,0,0,0
Altoona Area SD,Regular local school district,2,3,4
Ambridge Area SD,Regular local school district,1,5,0
Annville-Cleona SD,Regular local school district,0,6,3
Antietam SD,Regular local school district,5,4,0
Antonia Pantoja Community CS,Charter agency,9,0,0
Apollo-Ridge SD,Regular local school district,2,3,4
Armstrong SD,Regular local school district,0,7,2
Arts Academy CS,Charter agency,5,4,0
Arts Academy Elementary CS,Charter agency,9,0,0
Athens Area SD,Regular local school district,0,3,6
Austin Area SD,Regular local school district,0,7,2
Avella Area SD,Regular local school district,1,8,0
Avon Grove CS,Charter agency,1,7,1
Avon Grove SD,Regular local school district,5,2,2
Avonworth SD,Regular local school district,1,7,1
Baden Academy CS,Charter agency,2,7,0
Bald Eagle Area SD,Regular local school district,0,0,0
Baldwin-Whitehall SD,Regular local school district,1,8,0
Bangor Area SD,Regular local school district,0,6,3
Bear Creek Community CS,Charter agency,1,8,0
Beaver Area SD,Regular local school district,1,8,0
Beaver County CTC,Specialized public school district,0,0,0
Bedford Area SD,Regular local school district,1,5,3
Bedford County Technical Center,Specialized public school district,0,0,0
Belle Vernon Area SD,Regular local school district,1,0,8
Bellefonte Area SD,Regular local school district,0,8,1
Bellwood-Antis SD,Regular local school district,1,7,1
Belmont CS,Charter agency,6,3,0
Bensalem Township SD,Regular local school district,0,9,0
Benton Area SD,Regular local school district,1,6,2
Bentworth SD,Regular local school district,0,9,0
Berks CTC,Specialized public school district,0,9,0
Berlin Brothersvalley SD,Regular local school district,0,8,1
Bermudian Springs SD,Regular local school district,0,6,3
Berwick Area SD,Regular local school district,0,9,0
Bethel Park SD,Regular local school district,2,7,0
Bethlehem AVTS,Specialized public school district,0,9,0
Bethlehem Area SD,Regular local school district,0,9,0
Bethlehem-Center SD,Regular local school district,0,6,3
Big Beaver Falls Area SD,Regular local school district,0,9,0
Big Spring SD,Regular local school district,0,9,0
Blackhawk SD,Regular local school district,1,6,2
Blacklick Valley SD,Regular local school district,1,6,2
Blairsville-Saltsburg SD,Regular local school district,1,8,0
Bloomsburg Area SD,Regular local school district,0,9,0
Blue Mountain SD,Regular local school district,0,9,0
Blue Ridge SD,Regular local school district,0,9,0
Boyertown Area SD,Regular local school district,0,9,0
Boys Latin of Philadelphia CS,Charter agency,9,0,0
Bradford Area SD,Regular local school district,1,7,1
Brandywine Heights Area SD,Regular local school district,2,7,0
Brentwood Borough SD,Regular local school district,1,8,0
Bristol Borough SD,Regular local school district,2,7,0
Bristol Township SD,Regular local school district,2,6,1
Brockway Area SD,Regular local school district,0,1,8
Brookville Area SD,Regular local school district,0,3,6
Brownsville Area SD,Regular local school district,3,5,1
Bucks County Montessori CS,Charter agency,0,0,0
Bucks County Technical High School,Specialized public school district,1,8,0
Burgettstown Area SD,Regular local school district,2,7,0
Burrell SD,Regular local school district,0,9,0
Butler Area SD,Regular local school district,1,7,1
Butler County AVTS,Specialized public school district,0,0,0
CTC of Lackawanna County,Specialized public school district,0,9,0
California Area SD,Regular local school district,1,4,4
Cambria Heights SD,Regular local school district,3,0,6
Cameron County SD,Regular local school district,0,6,3
Camp Hill SD,Regular local school district,0,7,2
Canon-McMillan SD,Regular local school district,1,8,0
Canton Area SD,Regular local school district,0,9,0
Capital Area School for the Arts CS,Charter agency,0,0,0
Carbon Career & Technical Institute,Specialized public school district,0,9,0
Carbondale Area SD,Regular local school district,6,3,0
Career Institute of Technology,Specialized public school district,0,0,0
Carlisle Area SD,Regular local school district,1,8,0
Carlynton SD,Regular local school district,1,8,0
Carmichaels Area SD,Regular local school district,0,8,1
Catalyst Academy CS,Charter agency,0,0,0
Catasauqua Area SD,Regular local school district,2,7,0
Centennial SD,Regular local school district,3,5,1
Center for Student Learning CS at Pennsbury,Charter agency,9,0,0
Central Bucks SD,Regular local school district,0,8,1
Central Cambria SD,Regular local school district,1,8,0
Central Columbia SD,Regular local school district,0,1,8
Central Dauphin SD,Regular local school district,0,9,0
Central Fulton SD,Regular local school district,2,2,5
Central Greene SD,Regular local school district,2,7,0
Central Montco Technical High School,Specialized public school district,0,0,0
Central PA Institute of Science & Technology,Specialized public school district,0,0,0
Central Valley SD,Regular local school district,1,8,0
Central Westmoreland CTC,Specialized public school district,0,0,0
Central York SD,Regular local school district,0,9,0
Centre Learning Community CS,Charter agency,0,0,0
Chambersburg Area SD,Regular local school district,4,5,0
Charleroi SD,Regular local school district,3,6,0
Chartiers Valley SD,Regular local school district,0,9,0
Chartiers-Houston SD,Regular local school district,0,9,0
Cheltenham SD,Regular local school district,6,3,0
Chester Charter Scholars Academy CS,Charter agency,6,3,0
Chester Co Family Academy CS,Charter agency,7,2,0
Chester Community CS,Charter agency,9,0,0
Chester County Technical College HS,Specialized public school district,0,9,0
Chester-Upland SD,Regular local school district,9,0,0
Chestnut Ridge SD,Regular local school district,0,5,4
Chichester SD,Regular local school district,1,8,0
Christopher Columbus CS,Charter agency,9,0,0
Circle of Seasons CS,Charter agency,0,0,0
City CHS,Charter agency,5,3,1
Clairton City SD,Regular local school district,1,8,0
Clarion Area SD,Regular local school district,0,3,6
Clarion County Career Center,Specialized public school district,0,0,0
Clarion-Limestone Area SD,Regular local school district,1,7,1
Claysburg-Kimmel SD,Regular local school district,1,8,0
Clearfield Area SD,Regular local school district,0,9,0
Clearfield County CTC,Specialized public school district,0,0,0
Coatesville Area SD,Regular local school district,4,5,0
Cocalico SD,Regular local school district,0,4,5
Collegium CS,Charter agency,3,6,0
Colonial SD,Regular local school district,1,5,3
Columbia Borough SD,Regular local school district,1,6,2
Columbia-Montour AVTS,Specialized public school district,0,9,0
Commodore Perry SD,Regular local school district,1,5,3
Community Academy of Philadelphia CS,Charter agency,9,0,0
Conemaugh Township Area SD,Regular local school district,2,0,7
Conemaugh Valley SD,Regular local school district,1,4,4
Conestoga Valley SD,Regular local school district,0,1,8
Conewago Valley SD,Regular local school district,0,8,1
Conneaut SD,Regular local school district,0,9,0
Connellsville Area Career & Technical Center,Specialized public school district,0,0,0
Connellsville Area SD,Regular local school district,0,9,0
Conrad Weiser Area SD,Regular local school district,0,8,1
Cornell SD,Regular local school district,0,9,0
Cornwall-Lebanon SD,Regular local school district,0,0,9
Corry Area SD,Regular local school district,0,1,8
Coudersport Area SD,Regular local school district,0,0,0
Council Rock SD,Regular local school district,0,7,2
Cranberry Area SD,Regular local school district,1,5,3
Crawford Central SD,Regular local school district,1,5,3
Crawford County CTC,Specialized public school district,0,0,0
Crestwood SD,Regular local school district,4,4,1
Crispus Attucks CS,Charter agency,0,9,0
Cumberland Perry AVTS,Specialized public school district,0,0,0
Cumberland Valley SD,Regular local school district,0,0,9
Curwensville Area SD,Regular local school district,0,9,0
Dallas SD,Regular local school district,0,0,0
Dallastown Area SD,Regular local school district,0,3,6
Daniel Boone Area SD,Regular local school district,0,1,8
Danville Area SD,Regular local school district,0,6,3
Dauphin County Technical School,Specialized public school district,0,0,0
Deep Roots CS,Charter agency,9,0,0
Deer Lakes SD,Regular local school district,1,8,0
Delaware County Technical High School,Specialized public school district,0,0,0
Delaware Valley SD,Regular local school district,0,7,2
Derry Area SD,Regular local school district,0,8,1
Derry Township SD,Regular local school district,1,8,0
Discovery CS,Charter agency,6,3,0
Donegal SD,Regular local school district,0,6,3
Dover Area SD,Regular local school district,0,0,9
Downingtown Area SD,Regular local school district,1,8,0
Dr Robert Ketterer CS Inc,Charter agency,1,3,2
DuBois Area SD,Regular local school district,0,6,3
Dunmore SD,Regular local school district,2,7,0
Duquesne City SD,Regular local school district,2,2,5
East Allegheny SD,Regular local school district,5,4,0
East Lycoming SD,Regular local school district,0,3,6
East Penn SD,Regular local school district,0,7,2
East Pennsboro Area SD,Regular local school district,0,9,0
East Stroudsburg Area SD,Regular local school district,0,0,9
Eastern Center for Arts & Technology,Specialized public school district,0,0,0
Eastern Lancaster County SD,Regular local school district,0,0,9
Eastern Lebanon County SD,Regular local school district,0,5,4
Eastern Westmoreland CTC,Specialized public school district,0,0,0
Eastern York SD,Regular local school district,0,9,0
Easton Area SD,Regular local school district,0,9,0
Easton Arts Academy Elementary CS,Charter agency,6,3,0
Elizabeth Forward SD,Regular local school district,0,4,5
Elizabethtown Area SD,Regular local school district,0,0,9
Elk Lake SD,Regular local school district,0,7,2
Ellwood City Area SD,Regular local school district,2,5,2
Environmental CS at Frick Park,Charter agency,5,4,0
Ephrata Area SD,Regular local school district,0,0,9
Erie City SD,Regular local school district,5,4,0
Erie County Technical School,Specialized public school district,0,0,0
Erie Rise Leadership Academy CS,Charter agency,6,3,0
Esperanza Academy CS,Charter agency,9,0,0
Eugenio Maria De Hostos CS,Charter agency,9,0,0
Everett Area SD,Regular local school district,1,5,3
Evergreen Community CS,Charter agency,0,0,0
Executive Education Academy CS,Charter agency,6,3,0
Exeter Township SD,Regular local school district,2,6,1
Fairfield Area SD,Regular local school district,0,9,0
Fairview SD,Regular local school district,2,7,0
Fannett-Metal SD,Regular local school district,1,8,0
Farrell Area SD,Regular local school district,0,9,0
Fayette County Career & Technical Institute,Specialized public school district,0,0,0
Fell CS,Charter agency,0,9,0
Ferndale Area SD,Regular local school district,0,9,0
First Philadelphia Preparatory CS,Charter agency,9,0,0
Fleetwood Area SD,Regular local school district,0,9,0
Folk Arts-Cultural Treasures CS,Charter agency,9,0,0
Forbes Road CTC,Specialized public school district,0,9,0
Forbes Road SD,Regular local school district,0,0,0
Forest Area SD,Regular local school district,1,8,0
Forest City Regional SD,Regular local school district,1,8,0
Forest Hills SD,Regular local school district,1,8,0
Fort Cherry SD,Regular local school district,1,8,0
Fort LeBoeuf SD,Regular local school district,0,1,8
Fox Chapel Area SD,Regular local school district,0,5,4
Franklin Area SD,Regular local school district,0,9,0
Franklin County CTC,Specialized public school district,0,0,0
Franklin Regional SD,Regular local school district,0,9,0
Franklin Towne CHS,Charter agency,9,0,0
Franklin Towne Charter Elementary School,Charter agency,9,0,0
Frazier SD,Regular local school district,1,5,3
Frederick Douglass Mastery CS,Charter agency,6,3,0
Freedom Area SD,Regular local school district,4,5,0
Freeport Area SD,Regular local school district,0,9,0
Freire CS,Charter agency,9,0,0
Fulton County Center for Career and Technology,Specialized public school district,0,0,0
Galeton Area SD,Regular local school district,0,0,0
Garnet Valley SD,Regular local school district,1,8,0
Gateway SD,Regular local school district,1,6,2
General McLane SD,Regular local school district,0,9,0
Gettysburg Area SD,Regular local school district,0,6,3
Gettysburg Montessori CS,Charter agency,0,2,7
Gillingham Charter School,Charter agency,9,0,0
Girard SD,Regular local school district,0,9,0
Glendale SD,Regular local school district,1,4,4
Global Leadership Academy CS,Charter agency,9,0,0
Global Leadership Academy CS Southwest at Huey,Charter agency,9,0,0
Governor Mifflin SD,Regular local school district,0,9,0
Great Valley SD,Regular local school district,1,8,0
Greater Altoona CTC,Specialized public school district,0,0,0
Greater Johnstown CTC,Specialized public school district,0,0,0
Greater Johnstown SD,Regular local school district,1,8,0
Greater Latrobe SD,Regular local school district,1,6,2
Greater Nanticoke Area SD,Regular local school district,3,4,2
Green Woods CS,Charter agency,5,4,0
Greencastle-Antrim SD,Regular local school district,0,9,0
Greene County CTC,Specialized public school district,0,0,0
Greensburg Salem SD,Regular local school district,0,9,0
Greenville Area SD,Regular local school district,0,9,0
Greenwood SD,Regular local school district,0,4,5
Grove City Area SD,Regular local school district,0,7,2
HOPE for Hyndman CS,Charter agency,1,8,0
Halifax Area SD,Regular local school district,0,4,5
Hamburg Area SD,Regular local school district,0,0,9
Hampton Township SD,Regular local school district,0,3,6
Hanover Area SD,Regular local school district,5,4,0
Hanover Public SD,Regular local school district,0,2,7
Harambee Institute of Science and Technology CS,Charter agency,0,0,0
Harbor Creek SD,Regular local school district,0,6,3
Harmony Area SD,Regular local school district,0,6,3
Harrisburg City SD,Regular local school district,9,0,0
Hatboro-Horsham SD,Regular local school district,3,5,1
Haverford Township SD,Regular local school district,1,8,0
Hazleton Area Career Center,Specialized public school district,0,0,0
Hazleton Area SD,Regular local school district,7,2,0
Hempfield Area SD,Regular local school district,0,0,0
Hempfield SD,Regular local school district,0,0,9
Hermitage SD,Regular local school district,0,7,2
Highlands SD,Regular local school district,1,8,0
Hollidaysburg Area SD,Regular local school district,1,8,0
Homer-Center SD,Regular local school district,0,0,0
Hopewell Area SD,Regular local school district,1,6,2
Howard Gardner Multiple Intelligence CS,Charter agency,1,8,0
Huntingdon Area SD,Regular local school district,0,9,0
Huntingdon County CTC,Specialized public school district,0,0,0
Imhotep Institute CHS,Charter agency,0,0,0
Independence CS,Charter agency,9,0,0
Independence CS West,Charter agency,9,0,0
Indiana Area SD,Regular local school district,0,3,6
Indiana County Technology Center,Specialized public school district,0,0,0
Infinity CS,Charter agency,0,0,0
Innovative Arts Academy CS,Charter agency,0,0,0
Inquiry CS,Charter agency,9,0,0
Interboro SD,Regular local school district,1,4,4
Iroquois SD,Regular local school district,0,8,1
Jamestown Area SD,Regular local school district,2,7,0
Jeannette City SD,Regular local school district,2,4,3
Jefferson County-DuBois AVTS,Specialized public school district,0,9,0
Jefferson-Morgan SD,Regular local school district,1,6,2
Jenkintown SD,Regular local school district,0,7,2
Jersey Shore Area SD,Regular local school district,0,9,0
Jim Thorpe Area SD,Regular local school district,0,0,9
John B Stetson CS,Charter agency,9,0,0
Johnsonburg Area SD,Regular local school district,0,9,0
Juniata County SD,Regular local school district,2,7,0
Juniata Valley SD,Regular local school district,0,8,1
KIPP DuBois CS,Charter agency,9,0,0
KIPP North Philadelphia CS,Charter agency,6,0,3
KIPP Philadelphia CS,Charter agency,9,0,0
KIPP West Philadelphia CS,Charter agency,9,0,0
Kane Area SD,Regular local school district,0,5,4
Karns City Area SD,Regular local school district,0,9,0
Kennett Consolidated SD,Regular local school district,1,7,1
Keystone Academy CS,Charter agency,9,0,0
Keystone Central CTC,Specialized public school district,0,0,0
Keystone Central SD,Regular local school district,2,7,0
Keystone Education Center CS,Charter agency,1,6,2
Keystone Oaks SD,Regular local school district,0,9,0
Keystone SD,Regular local school district,1,6,2
Kiski Area SD,Regular local school district,0,9,0
Kutztown Area SD,Regular local school district,0,0,9
La Academia Partnership CS,Charter agency,9,0,0
Laboratory CS,Charter agency,9,0,0
Lackawanna Trail SD,Regular local school district,0,0,9
Lake-Lehman SD,Regular local school district,0,4,5
Lakeland SD,Regular local school district,1,3,5
Lakeview SD,Regular local school district,1,6,2
Lampeter-Strasburg SD,Regular local school district,0,0,0
Lancaster County CTC,Specialized public school district,0,1,8
Lancaster SD,Regular local school district,3,5,1
Laurel Highlands SD,Regular local school district,0,9,0
Laurel SD,Regular local school district,2,2,5
Lawrence County CTC,Specialized public school district,2,7,0
Lebanon County CTC,Specialized public school district,0,0,0
Lebanon SD,Regular local school district,0,9,0
Leechburg Area SD,Regular local school district,0,9,0
Lehigh Career & Technical Institute,Specialized public school district,0,0,0
Lehigh Valley Academy Regional CS,Charter agency,3,6,0
Lehigh Valley Charter High School for the Arts,Charter agency,0,0,0
Lehigh Valley Dual Language CS,Charter agency,5,4,0
Lehighton Area SD,Regular local school district,0,9,0
Lenape Tech,Specialized public school district,0,9,0
Lewisburg Area SD,Regular local school district,0,4,5
Ligonier Valley SD,Regular local school district,1,6,2
Lincoln CS,Charter agency,0,0,0
Lincoln Leadership Academy CS,Charter agency,9,0,0
Lincoln Park Performing Arts CS,Charter agency,2,7,0
Lindley Academy CS at Birney,Charter agency,7,2,0
Line Mountain SD,Regular local school district,0,9,0
Littlestown Area SD,Regular local school district,2,2,5
Lower Dauphin SD,Regular local school district,0,7,2
Lower Merion SD,Regular local school district,0,6,3
Lower Moreland Township SD,Regular local school district,0,9,0
Loyalsock Township SD,Regular local school district,0,6,3
Lycoming CTC,Specialized public school district,0,0,0
MAST Community CS,Charter agency,7,2,0
MaST Community CS II,Charter agency,6,3,0
MaST Community CS III,Charter agency,6,3,0
Mahanoy Area SD,Regular local school district,0,9,0
Manchester Academic CS,Charter agency,6,3,0
Manheim Central SD,Regular local school district,0,9,0
Manheim Township SD,Regular local school district,0,7,2
Mariana Bracetti Academy CS,Charter agency,9,0,0
Marion Center Area SD,Regular local school district,1,6,2
Maritime Academy CS,Charter agency,7,2,0
Marple Newtown SD,Regular local school district,1,6,2
Mars Area SD,Regular local school district,0,0,0
Mastery CHS-Lenfest Campus,Charter agency,7,2,0
Mastery CS John Wister Elementary,Charter agency,6,3,0
Mastery CS-Cleveland Elementary,Charter agency,8,1,0
Mastery CS-Clymer Elementary,Charter agency,9,0,0
Mastery CS-Francis D. Pastorius Elementary,Charter agency,6,3,0
Mastery CS-Gratz Campus,Charter agency,7,2,0
Mastery CS-Hardy Williams,Charter agency,7,2,0
Mastery CS-Harrity Campus,Charter agency,7,2,0
Mastery CS-Mann Campus,Charter agency,6,3,0
Mastery CS-Pickett Campus,Charter agency,7,2,0
Mastery CS-Shoemaker Campus,Charter agency,7,2,0
Mastery CS-Smedley Campus,Charter agency,9,0,0
Mastery CS-Thomas Campus,Charter agency,9,0,0
Mastery Prep Elementary CS,Charter agency,9,0,0
Math Civics and Sciences CS,Charter agency,9,0,0
McGuffey SD,Regular local school district,0,9,0
McKeesport Area SD,Regular local school district,0,9,0
McKeesport Area Tech Ctr,Specialized public school district,0,0,0
Mechanicsburg Area SD,Regular local school district,0,9,0
Memphis Street Academy CS @ JP Jones,Charter agency,9,0,0
Mercer Area SD,Regular local school district,0,2,7
Mercer County Career Center,Specialized public school district,0,0,0
Methacton SD,Regular local school district,5,4,0
Meyersdale Area SD,Regular local school district,1,8,0
Mid Valley SD,Regular local school district,0,9,0
Midd-West SD,Regular local school district,0,2,7
Middle Bucks Institute of Technology,Specialized public school district,0,0,0
Middletown Area SD,Regular local school district,0,9,0
Midland Borough SD,Regular local school district,2,7,0
Mifflin County Academy of Science and Technology,Specialized public school district,0,0,0
Mifflin County SD,Regular local school district,1,8,0
Mifflinburg Area SD,Regular local school district,0,0,9
Millcreek Township SD,Regular local school district,1,8,0
Millersburg Area SD,Regular local school district,0,6,3
Millville Area SD,Regular local school district,0,0,9
Milton Area SD,Regular local school district,0,7,2
Minersville Area SD,Regular local school district,0,9,0
Mohawk Area SD,Regular local school district,2,7,0
Mon Valley CTC,Specialized public school district,0,0,0
Monessen City SD,Regular local school district,2,7,0
Moniteau SD,Regular local school district,1,6,2
Monroe Career & Tech Inst,Specialized public school district,0,9,0
Montessori Regional CS,Charter agency,4,5,0
Montgomery Area SD,Regular local school district,0,7,2
Montour SD,Regular local school district,0,4,5
Montoursville Area SD,Regular local school district,0,5,4
Montrose Area SD,Regular local school district,0,9,0
Moon Area SD,Regular local school district,1,8,0
Morrisville Borough SD,Regular local school district,9,0,0
Moshannon Valley SD,Regular local school district,0,9,0
Mount Carmel Area SD,Regular local school district,1,8,0
Mount Pleasant Area SD,Regular local school district,0,7,2
Mount Union Area SD,Regular local school district,1,3,5
Mountain View SD,Regular local school district,0,7,2
Mt Lebanon SD,Regular local school district,2,5,2
Muhlenberg SD,Regular local school district,7,2,0
Multicultural Academy CS,Charter agency,9,0,0
Muncy SD,Regular local school district,0,9,0
Nazareth Area SD,Regular local school district,0,7,2
Neshaminy SD,Regular local school district,6,2,1
Neshannock Township SD,Regular local school district,0,9,0
New Brighton Area SD,Regular local school district,2,7,0
New Castle Area SD,Regular local school district,5,4,0
New Day CS,Charter agency,0,0,0
New Foundations CS,Charter agency,9,0,0
New Hope-Solebury SD,Regular local school district,2,4,3
New Kensington-Arnold SD,Regular local school district,1,6,2
Newport SD,Regular local school district,0,9,0
Nittany Valley CS,Charter agency,0,0,0
Norristown Area SD,Regular local school district,9,0,0
North Allegheny SD,Regular local school district,0,0,9
North Clarion County SD,Regular local school district,2,2,5
North East SD,Regular local school district,0,3,6
North Hills SD,Regular local school district,2,7,0
North Montco Tech Career Center,Specialized public school district,0,9,0
North Penn SD,Regular local school district,2,7,0
North Pocono SD,Regular local school district,0,7,2
North Schuylkill SD,Regular local school district,0,9,0
North Star SD,Regular local school district,0,2,7
Northampton Area SD,Regular local school district,0,9,0
Northeast Bradford SD,Regular local school district,0,4,5
Northeastern York SD,Regular local school district,0,6,3
Northern Bedford County SD,Regular local school district,0,8,1
Northern Cambria SD,Regular local school district,0,6,3
Northern Lebanon SD,Regular local school district,0,1,8
Northern Lehigh SD,Regular local school district,0,9,0
Northern Potter SD,Regular local school district,0,6,3
Northern Tier Career Center,Specialized public school district,0,0,0
Northern Tioga SD,Regular local school district,0,9,0
Northern Westmoreland CTC,Specialized public school district,0,0,0
Northern York County SD,Regular local school district,0,7,2
Northgate SD,Regular local school district,4,5,0
Northumberland County CTC,Specialized public school district,0,0,0
Northwest Area SD,Regular local school district,3,6,0
Northwestern Lehigh SD,Regular local school district,0,0,0
Northwestern SD,Regular local school district,0,9,0
Northwood Academy CS,Charter agency,9,0,0
Norwin SD,Regular local school district,0,7,2
Octorara Area SD,Regular local school district,1,5,3
Oil City Area SD,Regular local school district,1,6,2
Old Forge SD,Regular local school district,0,9,0
Oley Valley SD,Regular local school district,1,7,1
Olney Charter High School,Charter agency,9,0,0
Oswayo Valley SD,Regular local school district,0,0,0
Otto-Eldred SD,Regular local school district,0,5,4
Owen J Roberts SD,Regular local school district,1,6,2
Oxford Area SD,Regular local school district,2,7,0
Palisades SD,Regular local school district,0,0,9
Palmerton Area SD,Regular local school district,1,7,1
Palmyra Area SD,Regular local school district,0,9,0
Pan American Academy CS,Charter agency,9,0,0
Panther Valley SD,Regular local school district,1,5,3
Parkland SD,Regular local school district,0,9,0
Parkway West CTC,Specialized public school district,0,0,0
Passport Academy CS,Charter agency,0,0,0
Pen Argyl Area SD,Regular local school district,0,7,2
Penn Cambria SD,Regular local school district,1,7,1
Penn Hills CS of Entrepreneurship,Charter agency,6,1,2
Penn Hills SD,Regular local school district,0,9,0
Penn Manor SD,Regular local school district,0,5,4
Penn-Delco SD,Regular local school district,0,0,0
Penn-Trafford SD,Regular local school district,0,5,4
Penncrest SD,Regular local school district,0,2,7
Pennridge SD,Regular local school district,0,5,4
Penns Manor Area SD,Regular local school district,0,8,1
Penns Valley Area SD,Regular local school district,0,0,0
Pennsbury SD,Regular local school district,5,4,0
People for People CS,Charter agency,6,3,0
Pequea Valley SD,Regular local school district,0,7,2
Perkiomen Valley SD,Regular local school district,0,7,2
Perseus House CS of Excellence,Charter agency,0,0,0
Peters Township SD,Regular local school district,0,9,0
Philadelphia Academy CS,Charter agency,7,2,0
Philadelphia City SD,Regular local school district,9,0,0
Philadelphia Electrical & Tech CHS,Charter agency,9,0,0
Philadelphia Hebrew Public CS,Charter agency,6,3,0
Philadelphia Montessori CS,Charter agency,6,0,3
Philadelphia Performing Arts CS,Charter agency,9,0,0
Philipsburg-Osceola Area SD,Regular local school district,0,9,0
Phoenixville Area SD,Regular local school district,2,5,2
Pine Grove Area SD,Regular local school district,0,9,0
Pine-Richland SD,Regular local school district,1,1,7
Pittsburgh SD,Regular local school district,7,2,0
Pittston Area SD,Regular local school district,6,3,0
Pleasant Valley SD,Regular local school district,0,7,2
Plum Borough SD,Regular local school district,1,8,0
Pocono Mountain SD,Regular local school district,6,3,0
Port Allegany SD,Regular local school district,0,0,9
Portage Area SD,Regular local school district,1,7,1
Pottsgrove SD,Regular local school district,3,6,0
Pottstown SD,Regular local school district,9,0,0
Pottsville Area SD,Regular local school district,0,7,2
Premier Arts and Science CS,Charter agency,0,9,0
Preparatory CS of Mathematics Science Tech and Careers,Charter agency,9,0,0
Propel CS-Braddock Hills,Charter agency,3,6,0
Propel CS-East,Charter agency,3,6,0
Propel CS-Hazelwood,Charter agency,3,6,0
Propel CS-Homestead,Charter agency,6,3,0
Propel CS-McKeesport,Charter agency,3,6,0
Propel CS-Montour,Charter agency,3,6,0
Propel CS-Northside,Charter agency,3,6,0
Propel CS-Pitcairn,Charter agency,3,6,0
Provident CS,Charter agency,1,8,0
Punxsutawney Area SD,Regular local school district,0,8,1
Purchase Line SD,Regular local school district,0,9,0
Quaker Valley SD,Regular local school district,1,8,0
Quakertown Community SD,Regular local school district,0,5,4
Radnor Township SD,Regular local school district,0,9,0
Reading Muhlenberg CTC,Specialized public school district,0,0,0
Reading SD,Regular local school district,9,0,0
Red Lion Area SD,Regular local school district,0,7,2
Redbank Valley SD,Regular local school district,2,0,7
Renaissance Academy CS,Charter agency,9,0,0
Reynolds SD,Regular local school district,3,6,0
Richard Allen Preparatory CS,Charter agency,9,0,0
Richland SD,Regular local school district,1,7,1
Ridgway Area SD,Regular local school district,0,0,9
Ridley SD,Regular local school district,1,8,0
Ringgold SD,Regular local school district,1,6,2
Riverside Beaver County SD,Regular local school district,1,5,3
Riverside SD,Regular local school district,0,9,0
Riverview SD,Regular local school district,2,2,5
Robert Benjamin Wiley Community CS,Charter agency,0,0,0
Roberto Clemente CS,Charter agency,9,0,0
Rochester Area SD,Regular local school district,1,7,1
Rockwood Area SD,Regular local school district,1,6,2
Rose Tree Media SD,Regular local school district,0,9,0
Russell Byers CS,Charter agency,9,0,0
SUN Area Technical Institute,Specialized public school district,0,0,0
Saint Clair Area SD,Regular local school district,0,4,5
Saint Marys Area SD,Regular local school district,0,9,0
Salisbury Township SD,Regular local school district,0,0,0
Salisbury-Elk Lick SD,Regular local school district,1,7,1
Sankofa Freedom Academy CS,Charter agency,6,3,0
Saucon Valley SD,Regular local school district,0,8,1
Sayre Area SD,Regular local school district,0,8,1
School Lane CS,Charter agency,9,0,0
Schuylkill Haven Area SD,Regular local school district,0,9,0
Schuylkill Technology Centers,Specialized public school district,0,5,4
Schuylkill Valley SD,Regular local school district,2,6,1
Scranton SD,Regular local school district,9,0,0
Selinsgrove Area SD,Regular local school district,0,4,5
Seneca Highlands Career and Technical Center,Specialized public school district,0,0,0
Seneca Valley SD,Regular local school district,0,8,1
Seven Generations CS,Charter agency,0,0,0
Shade-Central City SD,Regular local school district,1,8,0
Shaler Area SD,Regular local school district,2,7,0
Shamokin Area SD,Regular local school district,0,8,1
Shanksville-Stonycreek SD,Regular local school district,0,5,4
Sharon City SD,Regular local school district,1,8,0
Sharpsville Area SD,Regular local school district,0,4,5
Shenandoah Valley SD,Regular local school district,0,8,1
Shenango Area SD,Regular local school district,2,1,6
Shikellamy SD,Regular local school district,0,8,1
Shippensburg Area SD,Regular local school district,1,8,0
Slippery Rock Area SD,Regular local school district,1,1,7
Smethport Area SD,Regular local school district,0,6,3
Solanco SD,Regular local school district,0,0,9
Somerset Area SD,Regular local school district,2,2,5
Somerset County Technology Center,Specialized public school district,0,0,0
Souderton Area SD,Regular local school district,0,5,4
Souderton CS Collaborative,Charter agency,0,0,0
South Allegheny SD,Regular local school district,4,5,0
South Butler County SD,Regular local school district,1,2,6
South Eastern SD,Regular local school district,0,9,0
South Fayette Township SD,Regular local school district,0,0,0
South Middleton SD,Regular local school district,1,2,6
South Park SD,Regular local school district,0,9,0
South Side Area SD,Regular local school district,0,5,4
South Western SD,Regular local school district,1,4,4
South Williamsport Area SD,Regular local school district,0,9,0
Southeast Delco SD,Regular local school district,9,0,0
Southeastern Greene SD,Regular local school district,1,6,2
Southern Columbia Area SD,Regular local school district,0,9,0
Southern Fulton SD,Regular local school district,2,2,5
Southern Huntingdon County SD,Regular local school district,1,6,2
Southern Lehigh SD,Regular local school district,0,9,0
Southern Tioga SD,Regular local school district,1,6,2
Southern York County SD,Regular local school district,0,8,1
Southmoreland SD,Regular local school district,1,8,0
Southwest Leadership Academy CS,Charter agency,9,0,0
Spectrum CS,Charter agency,0,0,0
Spring Cove SD,Regular local school district,1,2,6
Spring Grove Area SD,Regular local school district,0,3,6
Spring-Ford Area SD,Regular local school district,2,7,0
Springfield SD,Regular local school district,1,8,0
Springfield Township SD,Regular local school district,2,7,0
State College Area SD,Regular local school district,0,9,0
Steel Center for Career and Technical Education,Specialized public school district,0,0,0
Steel Valley SD,Regular local school district,4,5,0
Steelton-Highspire SD,Regular local school district,3,6,0
Sto-Rox SD,Regular local school district,3,6,0
Stone Valley Community CS,Charter agency,0,0,0
Stroudsburg Area SD,Regular local school district,0,9,0
Sugar Valley Rural CS,Charter agency,1,8,0
Sullivan County SD,Regular local school district,1,8,0
Susquehanna Community SD,Regular local school district,0,9,0
Susquehanna County CTC,Specialized public school district,0,0,0
Susquehanna Township SD,Regular local school district,3,6,0
Susquenita SD,Regular local school district,0,0,9
Sylvan Heights Science CS,Charter agency,6,3,0
TECH Freire CS,Charter agency,9,0,0
Tacony Academy CS,Charter agency,6,3,0
Tamaqua Area SD,Regular local school district,0,6,3
The New Academy CS,Charter agency,6,3,0
The Philadelphia CS for Arts and Sciences at HR Edmunds,Charter agency,9,0,0
Tidioute Community CS,Charter agency,0,8,1
Titusville Area SD,Regular local school district,1,8,0
Towanda Area SD,Regular local school district,0,0,9
Tredyffrin-Easttown SD,Regular local school district,1,8,0
Tri-Valley SD,Regular local school district,0,9,0
Trinity Area SD,Regular local school district,1,5,3
Troy Area SD,Regular local school district,0,9,0
Tulpehocken Area SD,Regular local school district,0,6,3
Tunkhannock Area SD,Regular local school district,0,7,2
Turkeyfoot Valley Area SD,Regular local school district,0,9,0
Tuscarora SD,Regular local school district,0,8,1
Tussey Mountain SD,Regular local school district,1,2,6
Twin Valley SD,Regular local school district,0,0,9
Tyrone Area SD,Regular local school district,1,8,0
Union Area SD,Regular local school district,3,6,0
Union City Area SD,Regular local school district,0,0,9
Union SD,Regular local school district,1,7,1
Uniontown Area SD,Regular local school district,2,7,0
Unionville-Chadds Ford SD,Regular local school district,1,6,2
United SD,Regular local school district,0,0,9
Universal Alcorn CS,Charter agency,9,0,0
Universal Audenried CS,Charter agency,9,0,0
Universal Bluford CS,Charter agency,9,0,0
Universal Creighton CS,Charter agency,9,0,0
Universal Daroff CS,Charter agency,9,0,0
Universal Institute CS,Charter agency,9,0,0
Universal Vare CS,Charter agency,0,0,0
Upper Adams SD,Regular local school district,0,3,6
Upper Bucks County Technical School,Specialized public school district,0,2,7
Upper Darby SD,Regular local school district,9,0,0
Upper Dauphin Area SD,Regular local school district,0,3,6
Upper Dublin SD,Regular local school district,2,3,4
Upper Merion Area SD,Regular local school district,7,0,2
Upper Moreland Township SD,Regular local school district,2,5,2
Upper Perkiomen SD,Regular local school district,4,5,0
Upper Saint Clair SD,Regular local school district,0,9,0
Urban Academy of Greater Pittsburgh CS,Charter agency,0,9,0
Urban Pathways 6-12 CS,Charter agency,8,1,0
Urban Pathways K-5 College CS,Charter agency,9,0,0
Valley Grove SD,Regular local school district,1,7,1
Valley View SD,Regular local school district,6,0,3
Venango Technology Center,Specialized public school district,0,0,0
Vida CS,Charter agency,0,0,9
Vision Academy CS,Charter agency,9,0,0
Wallenpaupack Area SD,Regular local school district,0,9,0
Wallingford-Swarthmore SD,Regular local school district,1,6,2
Warren County AVTS,Specialized public school district,0,0,0
Warren County SD,Regular local school district,0,2,7
Warrior Run SD,Regular local school district,0,7,2
Warwick SD,Regular local school district,0,2,7
Washington SD,Regular local school district,0,9,0
Wattsburg Area SD,Regular local school district,1,5,3
Wayne Highlands SD,Regular local school district,0,6,3
Waynesboro Area SD,Regular local school district,0,6,3
Weatherly Area SD,Regular local school district,3,6,0
Wellsboro Area SD,Regular local school district,0,4,5
West Allegheny SD,Regular local school district,0,0,9
West Branch Area SD,Regular local school district,0,0,0
West Chester Area SD,Regular local school district,1,6,2
West Greene SD,Regular local school district,0,9,0
West Jefferson Hills SD,Regular local school district,0,9,0
West Middlesex Area SD,Regular local school district,0,5,4
West Mifflin Area SD,Regular local school district,1,8,0
West Oak Lane CS,Charter agency,9,0,0
West Perry SD,Regular local school district,0,6,3
West Phila. Achievement CES,Charter agency,8,1,0
West Shore SD,Regular local school district,1,8,0
West Side CTC,Specialized public school district,2,7,0
West York Area SD,Regular local school district,0,9,0
Western Area CTC,Specialized public school district,0,0,0
Western Beaver County SD,Regular local school district,1,8,0
Western Montgomery CTC,Specialized public school district,0,0,0
Western Wayne SD,Regular local school district,0,9,0
Westinghouse Arts Academy CS,Charter agency,1,8,0
Westmont Hilltop SD,Regular local school district,1,3,5
Whitehall-Coplay SD,Regular local school district,0,9,0
Widener Partnership CS,Charter agency,9,0,0
Wilkes-Barre Area CTC,Specialized public school district,5,4,0
Wilkes-Barre Area SD,Regular local school district,9,0,0
Wilkinsburg Borough SD,Regular local school district,7,0,2
William Penn SD,Regular local school district,5,4,0
Williams Valley SD,Regular local school district,0,9,0
Williamsburg Community SD,Regular local school district,1,4,4
Williamsport Area SD,Regular local school district,1,8,0
Wilmington Area SD,Regular local school district,1,3,5
Wilson Area SD,Regular local school district,0,9,0
Wilson SD,Regular local school district,0,0,9
Windber Area SD,Regular local school district,1,6,2
Wissahickon CS,Charter agency,9,0,0
Wissahickon SD,Regular local school district,0,3,6
Woodland Hills SD,Regular local school district,6,3,0
Wyalusing Area SD,Regular local school district,0,8,1
Wyoming Area SD,Regular local school district,6,3,0
Wyoming Valley West SD,Regular local school district,2,6,1
Wyomissing Area SD,Regular local school district,0,9,0
York Academy Regional CS,Charter agency,5,4,0
York City SD,Regular local school district,0,9,0
York Co School of Technology,Specialized public school district,0,9,0
York Suburban SD,Regular local school district,0,8,1
Yough SD,Regular local school district,2,3,4
Young Scholars CS,Charter agency,0,0,0
Young Scholars of Central PA CS,Charter agency,0,0,0
Young Scholars of Greater Allegheny CS,Charter agency,9,0,0
Young Scholars of Western Pennsylvania CS,Charter agency,6,1,2
Youth Build Phila CS,Charter agency,9,0,0
